{"models_exp0_finetune": {"0": {"acc": 0.9670129418373108, "auc": 0.7669554948806763}, "1": {"acc": 0.9670518636703491, "auc": 0.7748895287513733}, "2": {"acc": 0.9669823050498962, "auc": 0.7770051956176758}, "3": {"acc": 0.9670729637145996, "auc": 0.7808211445808411}, "4": {"acc": 0.9670280814170837, "auc": 0.776810884475708}, "5": {"acc": 0.9670553207397461, "auc": 0.7728832960128784}, "6": {"acc": 0.9670922756195068, "auc": 0.786125123500824}, "7": {"acc": 0.9671766757965088, "auc": 0.7901947498321533}, "8": {"acc": 0.9672693014144897, "auc": 0.7917116284370422}}}